Litob_id,Length,Width,Height,Rib count,Length (Hinge Line),Distance Umbos,Umbos Right,Umbos Left
10001,48.05,37.6,32.15,20,33.55,4.1,,
20001,48.05,37.6,32.15,20,33.55,4.1,,
30001,48.05,37.6,32.15,20,33.55,4.1,,
40001,48.05,37.6,32.15,20,33.55,4.1,,
50001,48.05,37.6,32.15,20,33.55,4.1,,
60001,48.05,37.6,32.15,20,33.55,4.1,,
10002,47.4,32.5,32.25,20,33.1,3.05,,
20002,47.4,32.5,32.25,20,33.1,3.05,,
30002,47.4,32.5,32.25,20,33.1,3.05,,
40002,47.4,32.5,32.25,20,33.1,3.05,,
50002,47.4,32.5,32.25,20,33.1,3.05,,
60002,47.4,32.5,32.25,20,33.1,3.05,,
10003,43.3,34.1,31.25,21,32.05,4.5,,
20003,43.3,34.1,31.25,21,32.05,4.5,,
30003,43.3,34.1,31.25,21,32.05,4.5,,
40003,43.3,34.1,31.25,21,32.05,4.5,,
50003,43.3,34.1,31.25,21,32.05,4.5,,
60003,43.3,34.1,31.25,21,32.05,4.5,,
10075,50.05,35.05,32.05,21,30.05,4.1,,
20075,50.05,35.05,32.05,21,30.05,4.1,,
30075,50.05,35.05,32.05,21,30.05,4.1,,
40075,50.05,35.05,32.05,21,30.05,4.1,,
50075,50.05,35.05,32.05,21,30.05,4.1,,
60075,50.05,35.05,32.05,21,30.05,4.1,,
10076,40.25,33.55,32.4,20,29.35,3.4,,
20076,40.25,33.55,32.4,20,29.35,3.4,,
30076,40.25,33.55,32.4,20,29.35,3.4,,
40076,40.25,33.55,32.4,20,29.35,3.4,,
50076,40.25,33.55,32.4,20,29.35,3.4,,
60076,40.25,33.55,32.4,20,29.35,3.4,,
10077,57.05,45.05,41.1,20,35.05,4.05,,
20077,57.05,45.05,41.1,20,35.05,4.05,,
30077,57.05,45.05,41.1,20,35.05,4.05,,
40077,57.05,45.05,41.1,20,35.05,4.05,,
50077,57.05,45.05,41.1,20,35.05,4.05,,
60077,57.05,45.05,41.1,20,35.05,4.05,,
10078,44.25,31.7,31.5,19,23.05,2.1,,
20078,44.25,31.7,31.5,19,23.05,2.1,,
30078,44.25,31.7,31.5,19,23.05,2.1,,
40078,44.25,31.7,31.5,19,23.05,2.1,,
50078,44.25,31.7,31.5,19,23.05,2.1,,
60078,44.25,31.7,31.5,19,23.05,2.1,,
10079,44.05,30.5,31.8,19,22.1,2.7,,
20079,44.05,30.5,31.8,19,22.1,2.7,,
30079,44.05,30.5,31.8,19,22.1,2.7,,
40079,44.05,30.5,31.8,19,22.1,2.7,,
50079,44.05,30.5,31.8,19,22.1,2.7,,
60079,44.05,30.5,31.8,19,22.1,2.7,,
10080,43.25,36.4,31.05,20,25.05,3.45,,
20080,43.25,36.4,31.05,20,25.05,3.45,,
30080,43.25,36.4,31.05,20,25.05,3.45,,
40080,43.25,36.4,31.05,20,25.05,3.45,,
50080,43.25,36.4,31.05,20,25.05,3.45,,
60080,43.25,36.4,31.05,20,25.05,3.45,,
10081,43.15,34.55,34.75,20,24.75,2.75,,
20081,43.15,34.55,34.75,20,24.75,2.75,,
30081,43.15,34.55,34.75,20,24.75,2.75,,
40081,43.15,34.55,34.75,20,24.75,2.75,,
50081,43.15,34.55,34.75,20,24.75,2.75,,
60081,43.15,34.55,34.75,20,24.75,2.75,,
10082,43.05,31.6,29.1,20,23.3,3.45,,
20082,43.05,31.6,29.1,20,23.3,3.45,,
30082,43.05,31.6,29.1,20,23.3,3.45,,
40082,43.05,31.6,29.1,20,23.3,3.45,,
50082,43.05,31.6,29.1,20,23.3,3.45,,
60082,43.05,31.6,29.1,20,23.3,3.45,,
10083,43.25,34.7,30.4,19,26.1,2.8,,
20083,43.25,34.7,30.4,19,26.1,2.8,,
30083,43.25,34.7,30.4,19,26.1,2.8,,
40083,43.25,34.7,30.4,19,26.1,2.8,,
50083,43.25,34.7,30.4,19,26.1,2.8,,
60083,43.25,34.7,30.4,19,26.1,2.8,,
10084,57.6,43.05,41.05,20,36.05,5.4,,
20084,57.6,43.05,41.05,20,36.05,5.4,,
30084,57.6,43.05,41.05,20,36.05,5.4,,
40084,57.6,43.05,41.05,20,36.05,5.4,,
50084,57.6,43.05,41.05,20,36.05,5.4,,
60084,57.6,43.05,41.05,20,36.05,5.4,,
10085,42.2,30.3,29.4,20,25.1,1.05,,
20085,42.2,30.3,29.4,20,25.1,1.05,,
30085,42.2,30.3,29.4,20,25.1,1.05,,
40085,42.2,30.3,29.4,20,25.1,1.05,,
50085,42.2,30.3,29.4,20,25.1,1.05,,
60085,42.2,30.3,29.4,20,25.1,1.05,,
10086,41.05,32.2,30.05,18,25.05,3.45,,
20086,41.05,32.2,30.05,18,25.05,3.45,,
30086,41.05,32.2,30.05,18,25.05,3.45,,
40086,41.05,32.2,30.05,18,25.05,3.45,,
50086,41.05,32.2,30.05,18,25.05,3.45,,
60086,41.05,32.2,30.05,18,25.05,3.45,,
10087,41.05,33.55,31.1,20,35.55,1.1,,
20087,41.05,33.55,31.1,20,35.55,1.1,,
30087,41.05,33.55,31.1,20,35.55,1.1,,
40087,41.05,33.55,31.1,20,35.55,1.1,,
50087,41.05,33.55,31.1,20,35.55,1.1,,
60087,41.05,33.55,31.1,20,35.55,1.1,,
10088,40.05,31.05,27.35,18,25.05,3.45,,
20088,40.05,31.05,27.35,18,25.05,3.45,,
30088,40.05,31.05,27.35,18,25.05,3.45,,
40088,40.05,31.05,27.35,18,25.05,3.45,,
50088,40.05,31.05,27.35,18,25.05,3.45,,
60088,40.05,31.05,27.35,18,25.05,3.45,,
10089,48.05,36.05,31.5,18,27.5,3.15,,
20089,48.05,36.05,31.5,18,27.5,3.15,,
30089,48.05,36.05,31.5,18,27.5,3.15,,
40089,48.05,36.05,31.5,18,27.5,3.15,,
50089,48.05,36.05,31.5,18,27.5,3.15,,
60089,48.05,36.05,31.5,18,27.5,3.15,,
10090,50.05,41.5,36.4,20,29.05,6.5,,
20090,50.05,41.5,36.4,20,29.05,6.5,,
30090,50.05,41.5,36.4,20,29.05,6.5,,
40090,50.05,41.5,36.4,20,29.05,6.5,,
50090,50.05,41.5,36.4,20,29.05,6.5,,
60090,50.05,41.5,36.4,20,29.05,6.5,,
10091,52.6,40.05,31.75,19,32.05,3.05,,
20091,52.6,40.05,31.75,19,32.05,3.05,,
30091,52.6,40.05,31.75,19,32.05,3.05,,
40091,52.6,40.05,31.75,19,32.05,3.05,,
50091,52.6,40.05,31.75,19,32.05,3.05,,
60091,52.6,40.05,31.75,19,32.05,3.05,,
10092,62.05,42.4,45.05,19,43.05,5.2,,
20092,62.05,42.4,45.05,19,43.05,5.2,,
30092,62.05,42.4,45.05,19,43.05,5.2,,
40092,62.05,42.4,45.05,19,43.05,5.2,,
50092,62.05,42.4,45.05,19,43.05,5.2,,
60092,62.05,42.4,45.05,19,43.05,5.2,,
10093,59.6,47.35,41.3,20,38.5,5.05,,
20093,59.6,47.35,41.3,20,38.5,5.05,,
30093,59.6,47.35,41.3,20,38.5,5.05,,
40093,59.6,47.35,41.3,20,38.5,5.05,,
50093,59.6,47.35,41.3,20,38.5,5.05,,
60093,59.6,47.35,41.3,20,38.5,5.05,,
10094,41.3,37.05,32.35,20,29.05,5.05,,
20094,41.3,37.05,32.35,20,29.05,5.05,,
30094,41.3,37.05,32.35,20,29.05,5.05,,
40094,41.3,37.05,32.35,20,29.05,5.05,,
50094,41.3,37.05,32.35,20,29.05,5.05,,
60094,41.3,37.05,32.35,20,29.05,5.05,,
10095,49.65,35.5,33.05,20,31.35,2.85,,
20095,49.65,35.5,33.05,20,31.35,2.85,,
30095,49.65,35.5,33.05,20,31.35,2.85,,
40095,49.65,35.5,33.05,20,31.35,2.85,,
50095,49.65,35.5,33.05,20,31.35,2.85,,
60095,49.65,35.5,33.05,20,31.35,2.85,,
10096,64.8,48.5,43.45,20,39.05,4.05,,
20096,64.8,48.5,43.45,20,39.05,4.05,,
30096,64.8,48.5,43.45,20,39.05,4.05,,
40096,64.8,48.5,43.45,20,39.05,4.05,,
50096,64.8,48.5,43.45,20,39.05,4.05,,
60096,64.8,48.5,43.45,20,39.05,4.05,,
10097,48.7,34.3,33.05,20,29.3,2.15,,
20097,48.7,34.3,33.05,20,29.3,2.15,,
30097,48.7,34.3,33.05,20,29.3,2.15,,
40097,48.7,34.3,33.05,20,29.3,2.15,,
50097,48.7,34.3,33.05,20,29.3,2.15,,
60097,48.7,34.3,33.05,20,29.3,2.15,,
10098,41.1,33.05,29.05,19,24.05,2.05,,
20098,41.1,33.05,29.05,19,24.05,2.05,,
30098,41.1,33.05,29.05,19,24.05,2.05,,
40098,41.1,33.05,29.05,19,24.05,2.05,,
50098,41.1,33.05,29.05,19,24.05,2.05,,
60098,41.1,33.05,29.05,19,24.05,2.05,,
10099,41.1,31.5,31.1,19,26.3,2.05,,
20099,41.1,31.5,31.1,19,26.3,2.05,,
30099,41.1,31.5,31.1,19,26.3,2.05,,
40099,41.1,31.5,31.1,19,26.3,2.05,,
50099,41.1,31.5,31.1,19,26.3,2.05,,
60099,41.1,31.5,31.1,19,26.3,2.05,,
10100,56.35,43.05,42.3,19,35.05,6.1,,
20100,56.35,43.05,42.3,19,35.05,6.1,,
30100,56.35,43.05,42.3,19,35.05,6.1,,
40100,56.35,43.05,42.3,19,35.05,6.1,,
50100,56.35,43.05,42.3,19,35.05,6.1,,
60100,56.35,43.05,42.3,19,35.05,6.1,,
10101,46.55,36.85,32.6,19,32.05,3.05,,
20101,46.55,36.85,32.6,19,32.05,3.05,,
30101,46.55,36.85,32.6,19,32.05,3.05,,
40101,46.55,36.85,32.6,19,32.05,3.05,,
50101,46.55,36.85,32.6,19,32.05,3.05,,
60101,46.55,36.85,32.6,19,32.05,3.05,,
10102,41.5,35.1,32.1,19,22.05,4.05,,
20102,41.5,35.1,32.1,19,22.05,4.05,,
30102,41.5,35.1,32.1,19,22.05,4.05,,
40102,41.5,35.1,32.1,19,22.05,4.05,,
50102,41.5,35.1,32.1,19,22.05,4.05,,
60102,41.5,35.1,32.1,19,22.05,4.05,,
10103,43.05,33.05,30.55,20,24.55,2.1,,
20103,43.05,33.05,30.55,20,24.55,2.1,,
30103,43.05,33.05,30.55,20,24.55,2.1,,
40103,43.05,33.05,30.55,20,24.55,2.1,,
50103,43.05,33.05,30.55,20,24.55,2.1,,
60103,43.05,33.05,30.55,20,24.55,2.1,,
10104,47.5,35.05,32.5,19,29.05,4.05,,
20104,47.5,35.05,32.5,19,29.05,4.05,,
30104,47.5,35.05,32.5,19,29.05,4.05,,
40104,47.5,35.05,32.5,19,29.05,4.05,,
50104,47.5,35.05,32.5,19,29.05,4.05,,
60104,47.5,35.05,32.5,19,29.05,4.05,,
10105,51.7,40.55,37.05,19,34.55,3.05,,
20105,51.7,40.55,37.05,19,34.55,3.05,,
30105,51.7,40.55,37.05,19,34.55,3.05,,
40105,51.7,40.55,37.05,19,34.55,3.05,,
50105,51.7,40.55,37.05,19,34.55,3.05,,
60105,51.7,40.55,37.05,19,34.55,3.05,,
10106,51.5,39.5,35.4,18,31.05,3.05,,
20106,51.5,39.5,35.4,18,31.05,3.05,,
30106,51.5,39.5,35.4,18,31.05,3.05,,
40106,51.5,39.5,35.4,18,31.05,3.05,,
50106,51.5,39.5,35.4,18,31.05,3.05,,
60106,51.5,39.5,35.4,18,31.05,3.05,,
10107,43.45,31.45,30.05,20,26.15,2.65,,
20107,43.45,31.45,30.05,20,26.15,2.65,,
30107,43.45,31.45,30.05,20,26.15,2.65,,
40107,43.45,31.45,30.05,20,26.15,2.65,,
50107,43.45,31.45,30.05,20,26.15,2.65,,
60107,43.45,31.45,30.05,20,26.15,2.65,,
10108,47.05,35.15,32.45,20,28.05,3.05,,
20108,47.05,35.15,32.45,20,28.05,3.05,,
30108,47.05,35.15,32.45,20,28.05,3.05,,
40108,47.05,35.15,32.45,20,28.05,3.05,,
50108,47.05,35.15,32.45,20,28.05,3.05,,
60108,47.05,35.15,32.45,20,28.05,3.05,,
10109,50.4,38.75,34.45,20,29.75,3.05,,
20109,50.4,38.75,34.45,20,29.75,3.05,,
30109,50.4,38.75,34.45,20,29.75,3.05,,
40109,50.4,38.75,34.45,20,29.75,3.05,,
50109,50.4,38.75,34.45,20,29.75,3.05,,
60109,50.4,38.75,34.45,20,29.75,3.05,,
10110,44.05,30.1,30.8,20,26.35,3.05,,
20110,44.05,30.1,30.8,20,26.35,3.05,,
30110,44.05,30.1,30.8,20,26.35,3.05,,
40110,44.05,30.1,30.8,20,26.35,3.05,,
50110,44.05,30.1,30.8,20,26.35,3.05,,
60110,44.05,30.1,30.8,20,26.35,3.05,,
10111,47.05,38.05,33.05,19,29.05,2.75,,
20111,47.05,38.05,33.05,19,29.05,2.75,,
30111,47.05,38.05,33.05,19,29.05,2.75,,
40111,47.05,38.05,33.05,19,29.05,2.75,,
50111,47.05,38.05,33.05,19,29.05,2.75,,
60111,47.05,38.05,33.05,19,29.05,2.75,,
10112,47.05,36.45,32.1,18,31.4,3.4,,
20112,47.05,36.45,32.1,18,31.4,3.4,,
30112,47.05,36.45,32.1,18,31.4,3.4,,
40112,47.05,36.45,32.1,18,31.4,3.4,,
50112,47.05,36.45,32.1,18,31.4,3.4,,
60112,47.05,36.45,32.1,18,31.4,3.4,,
10113,52.05,38.05,34.4,20,32.5,4.05,,
20113,52.05,38.05,34.4,20,32.5,4.05,,
30113,52.05,38.05,34.4,20,32.5,4.05,,
40113,52.05,38.05,34.4,20,32.5,4.05,,
50113,52.05,38.05,34.4,20,32.5,4.05,,
60113,52.05,38.05,34.4,20,32.5,4.05,,
10114,43.3,33.7,31.55,21,24.45,2.05,,
20114,43.3,33.7,31.55,21,24.45,2.05,,
30114,43.3,33.7,31.55,21,24.45,2.05,,
40114,43.3,33.7,31.55,21,24.45,2.05,,
50114,43.3,33.7,31.55,21,24.45,2.05,,
60114,43.3,33.7,31.55,21,24.45,2.05,,
10115,44.3,33.2,29.1,19,27.05,4.65,,
20115,44.3,33.2,29.1,19,27.05,4.65,,
30115,44.3,33.2,29.1,19,27.05,4.65,,
40115,44.3,33.2,29.1,19,27.05,4.65,,
50115,44.3,33.2,29.1,19,27.05,4.65,,
60115,44.3,33.2,29.1,19,27.05,4.65,,
10116,42.35,33.25,32.45,19,25.05,3.05,,
20116,42.35,33.25,32.45,19,25.05,3.05,,
30116,42.35,33.25,32.45,19,25.05,3.05,,
40116,42.35,33.25,32.45,19,25.05,3.05,,
50116,42.35,33.25,32.45,19,25.05,3.05,,
60116,42.35,33.25,32.45,19,25.05,3.05,,
10117,54.4,39.55,35.05,19,31.05,4.65,,
20117,54.4,39.55,35.05,19,31.05,4.65,,
30117,54.4,39.55,35.05,19,31.05,4.65,,
40117,54.4,39.55,35.05,19,31.05,4.65,,
50117,54.4,39.55,35.05,19,31.05,4.65,,
60117,54.4,39.55,35.05,19,31.05,4.65,,
10118,49.1,37.05,33.05,19,29.4,2.05,,
20118,49.1,37.05,33.05,19,29.4,2.05,,
30118,49.1,37.05,33.05,19,29.4,2.05,,
40118,49.1,37.05,33.05,19,29.4,2.05,,
50118,49.1,37.05,33.05,19,29.4,2.05,,
60118,49.1,37.05,33.05,19,29.4,2.05,,
10119,43.25,32.7,29.55,20,27.55,2.55,,
20119,43.25,32.7,29.55,20,27.55,2.55,,
30119,43.25,32.7,29.55,20,27.55,2.55,,
40119,43.25,32.7,29.55,20,27.55,2.55,,
50119,43.25,32.7,29.55,20,27.55,2.55,,
60119,43.25,32.7,29.55,20,27.55,2.55,,
10120,47.05,34.7,33.35,20,27.65,3.05,,
20120,47.05,34.7,33.35,20,27.65,3.05,,
30120,47.05,34.7,33.35,20,27.65,3.05,,
40120,47.05,34.7,33.35,20,27.65,3.05,,
50120,47.05,34.7,33.35,20,27.65,3.05,,
60120,47.05,34.7,33.35,20,27.65,3.05,,
10121,46.05,35.05,30.05,20,25.05,3.7,,
20121,46.05,35.05,30.05,20,25.05,3.7,,
30121,46.05,35.05,30.05,20,25.05,3.7,,
40121,46.05,35.05,30.05,20,25.05,3.7,,
50121,46.05,35.05,30.05,20,25.05,3.7,,
60121,46.05,35.05,30.05,20,25.05,3.7,,
10122,53.05,31.35,35.7,20,30.05,3.2,,
20122,53.05,31.35,35.7,20,30.05,3.2,,
30122,53.05,31.35,35.7,20,30.05,3.2,,
40122,53.05,31.35,35.7,20,30.05,3.2,,
50122,53.05,31.35,35.7,20,30.05,3.2,,
60122,53.05,31.35,35.7,20,30.05,3.2,,
10123,54.05,42.05,36.25,20,33.05,3.5,,
20123,43.1,35.15,30.35,21,22.55,3.8,,
30123,43.1,35.15,30.35,21,22.55,3.8,,
40123,43.1,35.15,30.35,21,22.55,3.8,,
50123,43.1,35.15,30.35,21,22.55,3.8,,
60123,43.1,35.15,30.35,21,22.55,3.8,,
10124,55.6,40.55,33.35,21,35.45,3.55,,
20124,55.6,40.55,33.35,21,35.45,3.55,,
30124,55.6,40.55,33.35,21,35.45,3.55,,
40124,55.6,40.55,33.35,21,35.45,3.55,,
50124,55.6,40.55,33.35,21,35.45,3.55,,
60124,55.6,40.55,33.35,21,35.45,3.55,,
10125,54.05,41.05,38.7,19,32.05,3.05,,
20125,54.05,41.05,38.7,19,32.05,3.05,,
30125,54.05,41.05,38.7,19,32.05,3.05,,
40125,54.05,41.05,38.7,19,32.05,3.05,,
50125,54.05,41.05,38.7,19,32.05,3.05,,
60125,54.05,41.05,38.7,19,32.05,3.05,,
10126,50.15,38.2,34.7,20,29.7,3.25,,
20126,50.15,38.2,34.7,20,29.7,3.25,,
30126,50.15,38.2,34.7,20,29.7,3.25,,
40126,50.15,38.2,34.7,20,29.7,3.25,,
50126,50.15,38.2,34.7,20,29.7,3.25,,
60126,50.15,38.2,34.7,20,29.7,3.25,,
10127,51.1,39.35,34.05,21,30.05,3.1,,
20127,51.1,39.35,34.05,21,30.05,3.1,,
30127,51.1,39.35,34.05,21,30.05,3.1,,
40127,51.1,39.35,34.05,21,30.05,3.1,,
50127,51.1,39.35,34.05,21,30.05,3.1,,
60127,51.1,39.35,34.05,21,30.05,3.1,,
10128,41.25,32.6,32.55,19,28.65,4.65,,
20128,41.25,32.6,32.55,19,28.65,4.65,,
30128,41.25,32.6,32.55,19,28.65,4.65,,
40128,41.25,32.6,32.55,19,28.65,4.65,,
50128,41.25,32.6,32.55,19,28.65,4.65,,
60128,41.25,32.6,32.55,19,28.65,4.65,,
10129,50.05,35.05,32.25,21,22.3,5.05,,
20129,50.05,35.05,32.25,21,22.3,5.05,,
30129,50.05,35.05,32.25,21,22.3,5.05,,
40129,50.05,35.05,32.25,21,22.3,5.05,,
50129,50.05,35.05,32.25,21,22.3,5.05,,
60129,50.05,35.05,32.25,21,22.3,5.05,,
10130,47.25,36.4,34.55,19,30.3,2.3,,
20130,47.25,36.4,34.55,19,30.3,2.3,,
30130,47.25,36.4,34.55,19,30.3,2.3,,
40130,47.25,36.4,34.55,19,30.3,2.3,,
50130,47.25,36.4,34.55,19,30.3,2.3,,
60130,47.25,36.4,34.55,19,30.3,2.3,,
10131,45.55,33.75,31.1,21,23.1,1.2,,
20131,45.55,33.75,31.1,21,23.1,1.2,,
30131,45.55,33.75,31.1,21,23.1,1.2,,
40131,45.55,33.75,31.1,21,23.1,1.2,,
50131,45.55,33.75,31.1,21,23.1,1.2,,
60131,45.55,33.75,31.1,21,23.1,1.2,,
10132,46.5,38.05,34.6,19,26.1,3.7,,
20132,46.5,38.05,34.6,19,26.1,3.7,,
30132,46.5,38.05,34.6,19,26.1,3.7,,
40132,46.5,38.05,34.6,19,26.1,3.7,,
50132,46.5,38.05,34.6,19,26.1,3.7,,
60132,46.5,38.05,34.6,19,26.1,3.7,,
10133,55.25,41.35,33.2,17,36.55,4.15,,
20133,55.25,41.35,33.2,17,36.55,4.15,,
30133,55.25,41.35,33.2,17,36.55,4.15,,
40133,55.25,41.35,33.2,17,36.55,4.15,,
50133,55.25,41.35,33.2,17,36.55,4.15,,
60133,55.25,41.35,33.2,17,36.55,4.15,,
10134,49.55,37.35,36.9,19,33.4,2.05,,
20134,49.55,37.35,36.9,19,33.4,2.05,,
30134,49.55,37.35,36.9,19,33.4,2.05,,
40134,49.55,37.35,36.9,19,33.4,2.05,,
50134,49.55,37.35,36.9,19,33.4,2.05,,
60134,49.55,37.35,36.9,19,33.4,2.05,,
10135,46.6,38.05,33.25,19,26.55,3.7,,
20135,46.6,38.05,33.25,19,26.55,3.7,,
30135,46.6,38.05,33.25,19,26.55,3.7,,
40135,46.6,38.05,33.25,19,26.55,3.7,,
50135,46.6,38.05,33.25,19,26.55,3.7,,
10136,44.15,33.05,29.55,19,24.4,2.05,,
20136,44.15,33.05,29.55,19,24.4,2.05,,
30136,44.15,33.05,29.55,19,24.4,2.05,,
40136,44.15,33.05,29.55,19,24.4,2.05,,
50136,44.15,33.05,29.55,19,24.4,2.05,,
60136,44.15,33.05,29.55,19,24.4,2.05,,
10137,47.25,36.1,33.6,20,27.1,4.1,,
20137,47.25,36.1,33.6,20,27.1,4.1,,
30137,47.25,36.1,33.6,20,27.1,4.1,,
40137,47.25,36.1,33.6,20,27.1,4.1,,
50137,47.25,36.1,33.6,20,27.1,4.1,,
60137,47.25,36.1,33.6,20,27.1,4.1,,
10138,47.25,36.1,33.6,20,27.1,4.1,,
20138,54.05,40.45,37.5,20,32.4,5.05,,
30138,54.05,40.45,37.5,20,32.4,5.05,,
40138,54.05,40.45,37.5,20,32.4,5.05,,
50138,54.05,40.45,37.5,20,32.4,5.05,,
60138,54.05,40.45,37.5,20,32.4,5.05,,
10139,42.2,32.45,29.1,19,26.45,1.1,,
20139,42.2,32.45,29.1,19,26.45,1.1,,
30139,42.2,32.45,29.1,19,26.45,1.1,,
40139,42.2,32.45,29.1,19,26.45,1.1,,
50139,42.2,32.45,29.1,19,26.45,1.1,,
60139,42.2,32.45,29.1,19,26.45,1.1,,
10140,42.05,33.2,30.7,20,23.75,2.4,,
20140,42.05,33.2,30.7,20,23.75,2.4,,
30140,42.05,33.2,30.7,20,23.75,2.4,,
40140,42.05,33.2,30.7,20,23.75,2.4,,
50140,42.05,33.2,30.7,20,23.75,2.4,,
60140,42.05,33.2,30.7,20,23.75,2.4,,
10141,42.4,28.25,26.2,20,26.05,2.75,,
20141,42.4,28.25,26.2,20,26.05,2.75,,
30141,42.4,28.25,26.2,20,26.05,2.75,,
40141,42.4,28.25,26.2,20,26.05,2.75,,
50141,42.4,28.25,26.2,20,26.05,2.75,,
60141,42.4,28.25,26.2,20,26.05,2.75,,
10142,38.5,30.05,26.05,20,20.05,3.05,,
20142,38.5,30.05,26.05,20,20.05,3.05,,
30142,38.5,30.05,26.05,20,20.05,3.05,,
40142,38.5,30.05,26.05,20,20.05,3.05,,
50142,38.5,30.05,26.05,20,20.05,3.05,,
60142,38.5,30.05,26.05,20,20.05,3.05,,
10201,55.35,44.05,39.3,20,39.4,4.55,23.2,21.05
20201,55.35,44.05,39.3,20,39.4,4.55,23.2,21.05
30201,55.35,44.05,39.3,20,39.4,4.55,23.2,21.05
40201,55.35,44.05,39.3,20,39.4,4.55,23.2,21.05
50201,55.35,44.05,39.3,20,39.4,4.55,23.2,21.05
60201,55.35,44.05,39.3,20,39.4,4.55,23.2,21.05
10202,57.05,43.2,38.05,21,36.45,5.05,22.05,21.05
20202,57.05,43.2,38.05,21,36.45,5.05,22.05,21.05
30202,57.05,43.2,38.05,21,36.45,5.05,22.05,21.05
40202,57.05,43.2,38.05,21,36.45,5.05,22.05,21.05
50202,57.05,43.2,38.05,21,36.45,5.05,22.05,21.05
60202,57.05,43.2,38.05,21,36.45,5.05,22.05,21.05
10203,62.35,47.2,43.15,20,43.65,6.05,26.3,24.05
20203,62.35,47.2,43.15,20,43.65,6.05,26.3,24.05
30203,62.35,47.2,43.15,20,43.65,6.05,26.3,24.05
40203,62.35,47.2,43.15,20,43.65,6.05,26.3,24.05
50203,62.35,47.2,43.15,20,43.65,6.05,26.3,24.05
60203,62.35,47.2,43.15,20,43.65,6.05,26.3,24.05
10204,56.4,40.05,39.4,19,34.15,6.05,22.05,20.05
20204,56.4,40.05,39.4,19,34.15,6.05,22.05,20.05
30204,56.4,40.05,39.4,19,34.15,6.05,22.05,20.05
40204,56.4,40.05,39.4,19,34.15,6.05,22.05,20.05
50204,56.4,40.05,39.4,19,34.15,6.05,22.05,20.05
60204,56.4,40.05,39.4,19,34.15,6.05,22.05,20.05
10205,40.05,29.4,27.05,19,25.05,2.2,15.05,13.05
20205,40.05,29.4,27.05,19,25.05,2.2,15.05,13.05
30205,40.05,29.4,27.05,19,25.05,2.2,15.05,13.05
40205,40.05,29.4,27.05,19,25.05,2.2,15.05,13.05
50205,40.05,29.4,27.05,19,25.05,2.2,15.05,13.05
60205,40.05,29.4,27.05,19,25.05,2.2,15.05,13.05
10206,51.05,38.45,34.05,19,32.05,3.05,20.05,17.1
20206,51.05,38.45,34.05,19,32.05,3.05,20.05,17.1
30206,51.05,38.45,34.05,19,32.05,3.05,20.05,17.1
40206,51.05,38.45,34.05,19,32.05,3.05,20.05,17.1
50206,51.05,38.45,34.05,19,32.05,3.05,20.05,17.1
60206,51.05,38.45,34.05,19,32.05,3.05,20.05,17.1
10207,67.05,50.4,46.1,18,44.05,5.05,30.05,23.45
20207,67.05,50.4,46.1,18,44.05,5.05,30.05,23.45
30207,67.05,50.4,46.1,18,44.05,5.05,30.05,23.45
40207,67.05,50.4,46.1,18,44.05,5.05,30.05,23.45
50207,67.05,50.4,46.1,18,44.05,5.05,30.05,23.45
60207,67.05,50.4,46.1,18,44.05,5.05,30.05,23.45
10208,53.05,41.65,35.4,20,34.3,4.05,20.05,19.05
20208,53.05,41.65,35.4,20,34.3,4.05,20.05,19.05
30208,53.05,41.65,35.4,20,34.3,4.05,20.05,19.05
40208,53.05,41.65,35.4,20,34.3,4.05,20.05,19.05
50208,53.05,41.65,35.4,20,34.3,4.05,20.05,19.05
60208,53.05,41.65,35.4,20,34.3,4.05,20.05,19.05
10209,67.55,51.6,49.3,20,43.05,6.05,29.05,26.05
20209,67.55,51.6,49.3,20,43.05,6.05,29.05,26.05
30209,67.55,51.6,49.3,20,43.05,6.05,29.05,26.05
40209,67.55,51.6,49.3,20,43.05,6.05,29.05,26.05
50209,67.55,51.6,49.3,20,43.05,6.05,29.05,26.05
60209,67.55,51.6,49.3,20,43.05,6.05,29.05,26.05
10210,49.05,38.05,34.05,20,34.05,4.05,20.05,17.15
20210,49.05,38.05,34.05,20,34.05,4.05,20.05,17.15
30210,49.05,38.05,34.05,20,34.05,4.05,20.05,17.15
40210,49.05,38.05,34.05,20,34.05,4.05,20.05,17.15
50210,49.05,38.05,34.05,20,34.05,4.05,20.05,17.15
60210,49.05,38.05,34.05,20,34.05,4.05,20.05,17.15
10211,53.05,40.05,35.05,19,33.7,4.3,20.5,17.35
20211,53.05,40.05,35.05,19,33.7,4.3,20.5,17.35
30211,53.05,40.05,35.05,19,33.7,4.3,20.5,17.35
40211,53.05,40.05,35.05,19,33.7,4.3,20.5,17.35
50211,53.05,40.05,35.05,19,33.7,4.3,20.5,17.35
60211,53.05,40.05,35.05,19,33.7,4.3,20.5,17.35
10212,54.8,41.2,37.55,20,33.4,3.05,19.3,19.3
20212,54.8,41.2,37.55,20,33.4,3.05,19.3,19.3
30212,54.8,41.2,37.55,20,33.4,3.05,19.3,19.3
40212,54.8,41.2,37.55,20,33.4,3.05,19.3,19.3
50212,54.8,41.2,37.55,20,33.4,3.05,19.3,19.3
60212,54.8,41.2,37.55,20,33.4,3.05,19.3,19.3
10213,49.05,39.05,36.15,19,32.7,3.75,21.3,18.15
20213,49.05,39.05,36.15,19,32.7,3.75,21.3,18.15
30213,49.05,39.05,36.15,19,32.7,3.75,21.3,18.15
40213,49.05,39.05,36.15,19,32.7,3.75,21.3,18.15
50213,49.05,39.05,36.15,19,32.7,3.75,21.3,18.15
60213,49.05,39.05,36.15,19,32.7,3.75,21.3,18.15
10214,56.15,43.55,40.25,21,37.25,5.55,22.2,20.4
20214,56.15,43.55,40.25,21,37.25,5.55,22.2,20.4
30214,56.15,43.55,40.25,21,37.25,5.55,22.2,20.4
40214,56.15,43.55,40.25,21,37.25,5.55,22.2,20.4
50214,56.15,43.55,40.25,21,37.25,5.55,22.2,20.4
60214,56.15,43.55,40.25,21,37.25,5.55,22.2,20.4
10215,43.05,31.5,28.2,21,29.25,3.45,16.45,15.35
20215,43.05,31.5,28.2,21,29.25,3.45,16.45,15.35
30215,43.05,31.5,28.2,21,29.25,3.45,16.45,15.35
40215,43.05,31.5,28.2,21,29.25,3.45,16.45,15.35
50215,43.05,31.5,28.2,21,29.25,3.45,16.45,15.35
60215,43.05,31.5,28.2,21,29.25,3.45,16.45,15.35
10216,60.55,44.05,41.65,20,43.5,4.7,25.05,21.15
20216,60.55,44.05,41.65,20,43.5,4.7,25.05,21.15
30216,60.55,44.05,41.65,20,43.5,4.7,25.05,21.15
40216,60.55,44.05,41.65,20,43.5,4.7,25.05,21.15
50216,60.55,44.05,41.65,20,43.5,4.7,25.05,21.15
60216,60.55,44.05,41.65,20,43.5,4.7,25.05,21.15
10217,47.2,33.65,30.05,20,29.45,5.05,18.6,16.05
20217,47.2,33.65,30.05,20,29.45,5.05,18.6,16.05
30217,47.2,33.65,30.05,20,29.45,5.05,18.6,16.05
40217,47.2,33.65,30.05,20,29.45,5.05,18.6,16.05
50217,47.2,33.65,30.05,20,29.45,5.05,18.6,16.05
60217,47.2,33.65,30.05,20,29.45,5.05,18.6,16.05
10218,49.45,33.3,31.05,21,30.3,3.3,18.35,17.2
20218,49.45,33.3,31.05,21,30.3,3.3,18.35,17.2
30218,49.45,33.3,31.05,21,30.3,3.3,18.35,17.2
40218,49.45,33.3,31.05,21,30.3,3.3,18.35,17.2
50218,49.45,33.3,31.05,21,30.3,3.3,18.35,17.2
60218,49.45,33.3,31.05,21,30.3,3.3,18.35,17.2
10219,44.05,34.05,29.25,21,30.05,3.05,18.5,16.2
20219,44.05,34.05,29.25,21,30.05,3.05,18.5,16.2
30219,44.05,34.05,29.25,21,30.05,3.05,18.5,16.2
40219,44.05,34.05,29.25,21,30.05,3.05,18.5,16.2
50219,44.05,34.05,29.25,21,30.05,3.05,18.5,16.2
60219,44.05,34.05,29.25,21,30.05,3.05,18.5,16.2
10220,43.2,34.5,30.55,20,29.4,3.6,17.25,15.2
20220,43.2,34.5,30.55,20,29.4,3.6,17.25,15.2
30220,43.2,34.5,30.55,20,29.4,3.6,17.25,15.2
40220,43.2,34.5,30.55,20,29.4,3.6,17.25,15.2
50220,43.2,34.5,30.55,20,29.4,3.6,17.25,15.2
60220,43.2,34.5,30.55,20,29.4,3.6,17.25,15.2
10221,43.6,29.65,30.4,21,29.15,3.2,19.25,15.15
20221,43.6,29.65,30.4,21,29.15,3.2,19.25,15.15
30221,43.6,29.65,30.4,21,29.15,3.2,19.25,15.15
40221,43.6,29.65,30.4,21,29.15,3.2,19.25,15.15
50221,43.6,29.65,30.4,21,29.15,3.2,19.25,15.15
60221,43.6,29.65,30.4,21,29.15,3.2,19.25,15.15
10222,41.2,33.2,31.6,20,27.05,2.3,17.05,15.05
20222,41.2,33.2,31.6,20,27.05,2.3,17.05,15.05
30222,41.2,33.2,31.6,20,27.05,2.3,17.05,15.05
40222,41.2,33.2,31.6,20,27.05,2.3,17.05,15.05
50222,41.2,33.2,31.6,20,27.05,2.3,17.05,15.05
60222,41.2,33.2,31.6,20,27.05,2.3,17.05,15.05
10223,44.4,31.65,29.3,20,27.2,3.5,18.35,16.2
20223,44.4,31.65,29.3,20,27.2,3.5,18.35,16.2
30223,44.4,31.65,29.3,20,27.2,3.5,18.35,16.2
40223,44.4,31.65,29.3,20,27.2,3.5,18.35,16.2
50223,44.4,31.65,29.3,20,27.2,3.5,18.35,16.2
60223,44.4,31.65,29.3,20,27.2,3.5,18.35,16.2
10224,39.35,27.05,26.05,19,24.05,2.3,15.05,14.05
20224,39.35,27.05,26.05,19,24.05,2.3,15.05,14.05
30224,39.35,27.05,26.05,19,24.05,2.3,15.05,14.05
40224,39.35,27.05,26.05,19,24.05,2.3,15.05,14.05
50224,39.35,27.05,26.05,19,24.05,2.3,15.05,14.05
60224,39.35,27.05,26.05,19,24.05,2.3,15.05,14.05
10225,40.4,29.6,27.05,21,27.55,3.6,16.05,14.3
20225,40.4,29.6,27.05,21,27.55,3.6,16.05,14.3
30225,40.4,29.6,27.05,21,27.55,3.6,16.05,14.3
40225,40.4,29.6,27.05,21,27.55,3.6,16.05,14.3
50225,40.4,29.6,27.05,21,27.55,3.6,16.05,14.3
60225,40.4,29.6,27.05,21,27.55,3.6,16.05,14.3
10226,42.4,32.5,29.2,20,26.6,3.05,16.35,14.6
20226,42.4,32.5,29.2,20,26.6,3.05,16.35,14.6
30226,42.4,32.5,29.2,20,26.6,3.05,16.35,14.6
40226,42.4,32.5,29.2,20,26.6,3.05,16.35,14.6
50226,42.4,32.5,29.2,20,26.6,3.05,16.35,14.6
60226,42.4,32.5,29.2,20,26.6,3.05,16.35,14.6
10227,41.15,28.05,27.1,20,25.4,2.2,15.05,12.4
20227,41.15,28.05,27.1,20,25.4,2.2,15.05,12.4
30227,41.15,28.05,27.1,20,25.4,2.2,15.05,12.4
40227,41.15,28.05,27.1,20,25.4,2.2,15.05,12.4
50227,41.15,28.05,27.1,20,25.4,2.2,15.05,12.4
60227,41.15,28.05,27.1,20,25.4,2.2,15.05,12.4
10228,46.35,34.05,31.1,19,30.05,4.7,18.65,16.3
20228,46.35,34.05,31.1,19,30.05,4.7,18.65,16.3
30228,46.35,34.05,31.1,19,30.05,4.7,18.65,16.3
40228,46.35,34.05,31.1,19,30.05,4.7,18.65,16.3
50228,46.35,34.05,31.1,19,30.05,4.7,18.65,16.3
60228,46.35,34.05,31.1,19,30.05,4.7,18.65,16.3
10229,68.05,48.5,46.05,20,46.1,9.7,27.15,25.15
20229,68.05,48.5,46.05,20,46.1,9.7,27.15,25.15
30229,68.05,48.5,46.05,20,46.1,9.7,27.15,25.15
40229,68.05,48.5,46.05,20,46.1,9.7,27.15,25.15
50229,68.05,48.5,46.05,20,46.1,9.7,27.15,25.15
60229,68.05,48.5,46.05,20,46.1,9.7,27.15,25.15
10230,62.45,48.25,46.1,21,43.05,6.05,29.45,24.55
20230,62.45,48.25,46.1,21,43.05,6.05,29.45,24.55
30230,62.45,48.25,46.1,21,43.05,6.05,29.45,24.55
40230,62.45,48.25,46.1,21,43.05,6.05,29.45,24.55
50230,62.45,48.25,46.1,21,43.05,6.05,29.45,24.55
60230,62.45,48.25,46.1,21,43.05,6.05,29.45,24.55
10231,66.3,48.1,44.75,20,41.05,6.6,26.25,25.05
20231,66.3,48.1,44.75,20,41.05,6.6,26.25,25.05
30231,66.3,48.1,44.75,20,41.05,6.6,26.25,25.05
40231,66.3,48.1,44.75,20,41.05,6.6,26.25,25.05
50231,66.3,48.1,44.75,20,41.05,6.6,26.25,25.05
60231,66.3,48.1,44.75,20,41.05,6.6,26.25,25.05
10232,66.5,50.55,45.2,20,44.5,5.05,27.1,25.05
20232,66.5,50.55,45.2,20,44.5,5.05,27.1,25.05
30232,66.5,50.55,45.2,20,44.5,5.05,27.1,25.05
40232,66.5,50.55,45.2,20,44.5,5.05,27.1,25.05
50232,66.5,50.55,45.2,20,44.5,5.05,27.1,25.05
60232,66.5,50.55,45.2,20,44.5,5.05,27.1,25.05
10233,65.2,46.4,43.05,21,47.45,5.05,28.05,26.7
20233,65.2,46.4,43.05,21,47.45,5.05,28.05,26.7
30233,65.2,46.4,43.05,21,47.45,5.05,28.05,26.7
40233,65.2,46.4,43.05,21,47.45,5.05,28.05,26.7
50233,65.2,46.4,43.05,21,47.45,5.05,28.05,26.7
60233,65.2,46.4,43.05,21,47.45,5.05,28.05,26.7
10234,60.05,43.05,41.5,19,41.45,5.05,26.3,21.15
20234,60.05,43.05,41.5,19,41.45,5.05,26.3,21.15
30234,60.05,43.05,41.5,19,41.45,5.05,26.3,21.15
40234,60.05,43.05,41.5,19,41.45,5.05,26.3,21.15
50234,60.05,43.05,41.5,19,41.45,5.05,26.3,21.15
60234,60.05,43.05,41.5,19,41.45,5.05,26.3,21.15
10235,53.25,41.4,36.4,20,36.3,4.5,21.05,18.7
20235,53.25,41.4,36.4,20,36.3,4.5,21.05,18.7
30235,53.25,41.4,36.4,20,36.3,4.5,21.05,18.7
40235,53.25,41.4,36.4,20,36.3,4.5,21.05,18.7
50235,53.25,41.4,36.4,20,36.3,4.5,21.05,18.7
60235,53.25,41.4,36.4,20,36.3,4.5,21.05,18.7
10236,48.4,36.05,32.05,19,32.15,3.15,18.5,16.65
20236,48.4,36.05,32.05,19,32.15,3.15,18.5,16.65
30236,48.4,36.05,32.05,19,32.15,3.15,18.5,16.65
40236,48.4,36.05,32.05,19,32.15,3.15,18.5,16.65
50236,48.4,36.05,32.05,19,32.15,3.15,18.5,16.65
60236,48.4,36.05,32.05,19,32.15,3.15,18.5,16.65
10237,49.05,38.05,34.35,21,32.05,4.55,20.4,17.4
20237,49.05,38.05,34.35,21,32.05,4.55,20.4,17.4
30237,49.05,38.05,34.35,21,32.05,4.55,20.4,17.4
40237,49.05,38.05,34.35,21,32.05,4.55,20.4,17.4
50237,49.05,38.05,34.35,21,32.05,4.55,20.4,17.4
60237,49.05,38.05,34.35,21,32.05,4.55,20.4,17.4
10238,60.05,44.05,39.05,21,40.45,5.05,25.05,21.05
20238,60.05,44.05,39.05,21,40.45,5.05,25.05,21.05
30238,60.05,44.05,39.05,21,40.45,5.05,25.05,21.05
40238,60.05,44.05,39.05,21,40.45,5.05,25.05,21.05
50238,60.05,44.05,39.05,21,40.45,5.05,25.05,21.05
60238,60.05,44.05,39.05,21,40.45,5.05,25.05,21.05
10239,52.45,38.6,34.05,18,36.05,5.6,22.55,20.5
20239,52.45,38.6,34.05,18,36.05,5.6,22.55,20.5
30239,52.45,38.6,34.05,18,36.05,5.6,22.55,20.5
40239,52.45,38.6,34.05,18,36.05,5.6,22.55,20.5
50239,52.45,38.6,34.05,18,36.05,5.6,22.55,20.5
60239,52.45,38.6,34.05,18,36.05,5.6,22.55,20.5
10240,48.15,39.3,34.55,19,34.1,3.4,18.05,17.3
20240,48.15,39.3,34.55,19,34.1,3.4,18.05,17.3
30240,48.15,39.3,34.55,19,34.1,3.4,18.05,17.3
40240,48.15,39.3,34.55,19,34.1,3.4,18.05,17.3
50240,48.15,39.3,34.55,19,34.1,3.4,18.05,17.3
60240,48.15,39.3,34.55,19,34.1,3.4,18.05,17.3
10241,63.05,48.3,44.6,20,42.25,4.1,28.6,23.6
20241,63.05,48.3,44.6,20,42.25,4.1,28.6,23.6
30241,63.05,48.3,44.6,20,42.25,4.1,28.6,23.6
40241,63.05,48.3,44.6,20,42.25,4.1,28.6,23.6
50241,63.05,48.3,44.6,20,42.25,4.1,28.6,23.6
60241,63.05,48.3,44.6,20,42.25,4.1,28.6,23.6
10242,54.05,42.05,38.05,20,38.05,4.2,24.25,21.05
20242,54.05,42.05,38.05,20,38.05,4.2,24.25,21.05
30242,54.05,42.05,38.05,20,38.05,4.2,24.25,21.05
40242,54.05,42.05,38.05,20,38.05,4.2,24.25,21.05
50242,54.05,42.05,38.05,20,38.05,4.2,24.25,21.05
60242,54.05,42.05,38.05,20,38.05,4.2,24.25,21.05
10243,51.25,41.25,35.15,20,35.3,3.05,21.5,19.05
20243,51.25,41.25,35.15,20,35.3,3.05,21.5,19.05
30243,51.25,41.25,35.15,20,35.3,3.05,21.5,19.05
40243,51.25,41.25,35.15,20,35.3,3.05,21.5,19.05
50243,51.25,41.25,35.15,20,35.3,3.05,21.5,19.05
60243,51.25,41.25,35.15,20,35.3,3.05,21.5,19.05
10244,51.65,39.55,34.15,19,34.05,4.05,20.05,19.35
20244,51.65,39.55,34.15,19,34.05,4.05,20.05,19.35
30244,51.65,39.55,34.15,19,34.05,4.05,20.05,19.35
40244,51.65,39.55,34.15,19,34.05,4.05,20.05,19.35
50244,51.65,39.55,34.15,19,34.05,4.05,20.05,19.35
60244,51.65,39.55,34.15,19,34.05,4.05,20.05,19.35
10245,53.6,40.45,34.2,21,37.1,4.5,21.5,20.05
20245,53.6,40.45,34.2,21,37.1,4.5,21.5,20.05
30245,53.6,40.45,34.2,21,37.1,4.5,21.5,20.05
40245,53.6,40.45,34.2,21,37.1,4.5,21.5,20.05
50245,53.6,40.45,34.2,21,37.1,4.5,21.5,20.05
60245,53.6,40.45,34.2,21,37.1,4.5,21.5,20.05
10246,61.05,47.6,39.1,19,41.05,5.1,23.05,21.25
20246,61.05,47.6,39.1,19,41.05,5.1,23.05,21.25
30246,61.05,47.6,39.1,19,41.05,5.1,23.05,21.25
40246,61.05,47.6,39.1,19,41.05,5.1,23.05,21.25
50246,61.05,47.6,39.1,19,41.05,5.1,23.05,21.25
60246,61.05,47.6,39.1,19,41.05,5.1,23.05,21.25
10262,60.05,44.4,43.05,20,42.05,4.25,24.5,23.65
20262,60.05,44.4,43.05,20,42.05,4.25,24.5,23.65
30262,60.05,44.4,43.05,20,42.05,4.25,24.5,23.65
40262,60.05,44.4,43.05,20,42.05,4.25,24.5,23.65
50262,60.05,44.4,43.05,20,42.05,4.25,24.5,23.65
60262,60.05,44.4,43.05,20,42.05,4.25,24.5,23.65
10263,64.35,48.2,44.05,21,45.05,6.55,25.6,3.15
20263,64.35,48.2,44.05,21,45.05,6.55,25.6,3.15
30263,64.35,48.2,44.05,21,45.05,6.55,25.6,3.15
40263,64.35,48.2,44.05,21,45.05,6.55,25.6,3.15
50263,64.35,48.2,44.05,21,45.05,6.55,25.6,3.15
60263,64.35,48.2,44.05,21,45.05,6.55,25.6,3.15
10264,54.15,42.4,37.05,21,37.2,3.05,21.05,20.05
20264,54.15,42.4,37.05,21,37.2,3.05,21.05,20.05
30264,54.15,42.4,37.05,21,37.2,3.05,21.05,20.05
40264,54.15,42.4,37.05,21,37.2,3.05,21.05,20.05
50264,54.15,42.4,37.05,21,37.2,3.05,21.05,20.05
60264,54.15,42.4,37.05,21,37.2,3.05,21.05,20.05
10265,52.45,39.2,35.3,21,35.3,3.25,21.05,19.25
20265,52.45,39.2,35.3,21,35.3,3.25,21.05,19.25
30265,52.45,39.2,35.3,21,35.3,3.25,21.05,19.25
40265,52.45,39.2,35.3,21,35.3,3.25,21.05,19.25
50265,52.45,39.2,35.3,21,35.3,3.25,21.05,19.25
60265,52.45,39.2,35.3,21,35.3,3.25,21.05,19.25
10266,61.15,47.05,46.55,20,40.05,6.65,24.05,21.55
20266,61.15,47.05,46.55,20,40.05,6.65,24.05,21.55
30266,61.15,47.05,46.55,20,40.05,6.65,24.05,21.55
40266,61.15,47.05,46.55,20,40.05,6.65,24.05,21.55
50266,61.15,47.05,46.55,20,40.05,6.65,24.05,21.55
60266,61.15,47.05,46.55,20,40.05,6.65,24.05,21.55
10267,62.05,47.05,42.05,20,40.15,4.5,24.35,22.3
20267,62.05,47.05,42.05,20,40.15,4.5,24.35,22.3
30267,62.05,47.05,42.05,20,40.15,4.5,24.35,22.3
40267,62.05,47.05,42.05,20,40.15,4.5,24.35,22.3
50267,62.05,47.05,42.05,20,40.15,4.5,24.35,22.3
60267,62.05,47.05,42.05,20,40.15,4.5,24.35,22.3
10268,63.05,46.3,42.5,20,42.55,6.05,25.05,23.4
20268,63.05,46.3,42.5,20,42.55,6.05,25.05,23.4
30268,63.05,46.3,42.5,20,42.55,6.05,25.05,23.4
40268,63.05,46.3,42.5,20,42.55,6.05,25.05,23.4
50268,63.05,46.3,42.5,20,42.55,6.05,25.05,23.4
60268,63.05,46.3,42.5,20,42.55,6.05,25.05,23.4
10269,56.4,44.45,40.6,19,38.3,4.05,25.25,20.6
20269,56.4,44.45,40.6,19,38.3,4.05,25.25,20.6
30269,56.4,44.45,40.6,19,38.3,4.05,25.25,20.6
40269,56.4,44.45,40.6,19,38.3,4.05,25.25,20.6
50269,56.4,44.45,40.6,19,38.3,4.05,25.25,20.6
60269,56.4,44.45,40.6,19,38.3,4.05,25.25,20.6
10270,53.55,39.05,35.05,20,37.05,5.05,23.05,20.3
20270,53.55,39.05,35.05,20,37.05,5.05,23.05,20.3
30270,53.55,39.05,35.05,20,37.05,5.05,23.05,20.3
40270,53.55,39.05,35.05,20,37.05,5.05,23.05,20.3
50270,53.55,39.05,35.05,20,37.05,5.05,23.05,20.3
60270,53.55,39.05,35.05,20,37.05,5.05,23.05,20.3
10271,50.05,36.55,35.05,20,33.7,4.6,19.3,18.3
20271,50.05,36.55,35.05,20,33.7,4.6,19.3,18.3
30271,50.05,36.55,35.05,20,33.7,4.6,19.3,18.3
40271,50.05,36.55,35.05,20,33.7,4.6,19.3,18.3
50271,50.05,36.55,35.05,20,33.7,4.6,19.3,18.3
60271,50.05,36.55,35.05,20,33.7,4.6,19.3,18.3
